product_id,product_name,product_brand,category,price,rating,rating_count,product_link,smart_feature,screen_size_inch
5b4b081b,"LG 75"" 4K Ultra HD TV",LG,TV,836.7,4.5,4835,https://www.ebay.com/itm/5b4b081b,No,75
d4939988,"Panasonic 50"" 4K Ultra HD TV",Panasonic,TV,1257.38,3.6,3745,https://www.ebay.com/itm/d4939988,Yes,50
bd4db517,"Vizio 40"" 4K Ultra HD TV",Vizio,TV,1109.42,4.7,940,https://www.ebay.com/itm/bd4db517,Yes,40
dc533afb,"Panasonic 43"" 4K Ultra HD TV",Panasonic,TV,537.02,3.1,1191,https://www.ebay.com/itm/dc533afb,No,43
49708aec,"Sharp 60"" 4K Ultra HD TV",Sharp,TV,1038.74,3.6,4785,https://www.ebay.com/itm/49708aec,Yes,60
bc06017b,"Hisense 58"" 4K Ultra HD TV",Hisense,TV,291.42,2.8,758,https://www.ebay.com/itm/bc06017b,No,58
7b8c391b,"Sony 32"" 4K Ultra HD TV",Sony,TV,1248.66,4.5,748,https://www.ebay.com/itm/7b8c391b,Yes,32
d1b8ec2e,"Sharp 85"" 4K Ultra HD TV",Sharp,TV,1322.45,4.8,3434,https://www.ebay.com/itm/d1b8ec2e,No,85
a0620965,"Hisense 60"" 4K Ultra HD TV",Hisense,TV,1094.98,3.6,1748,https://www.ebay.com/itm/a0620965,No,60
187c2889,"Vizio 60"" 4K Ultra HD TV",Vizio,TV,1479.17,4,790,https://www.ebay.com/itm/187c2889,Yes,60
f908337c,"Hisense 43"" 4K Ultra HD TV",Hisense,TV,652.31,4.3,3451,https://www.ebay.com/itm/f908337c,No,43
786b12f0,"Sony 70"" 4K Ultra HD TV",Sony,TV,1846.85,2.5,1012,https://www.ebay.com/itm/786b12f0,No,70
3624f5a2,"LG 55"" 4K Ultra HD TV",LG,TV,1123.94,4.2,1870,https://www.ebay.com/itm/3624f5a2,No,55
8899c074,"LG 58"" 4K Ultra HD TV",LG,TV,420.53,3.3,844,https://www.ebay.com/itm/8899c074,No,58
a591f53a,"Vizio 60"" 4K Ultra HD TV",Vizio,TV,210.19,3.1,1788,https://www.ebay.com/itm/a591f53a,No,60
649d7d67,"Samsung 65"" 4K Ultra HD TV",Samsung,TV,598.12,4.9,3890,https://www.ebay.com/itm/649d7d67,Yes,65
ceed7365,"Hisense 43"" 4K Ultra HD TV",Hisense,TV,816.89,3.6,3152,https://www.ebay.com/itm/ceed7365,Yes,43
7d912078,"LG 75"" 4K Ultra HD TV",LG,TV,301.79,4.6,1524,https://www.ebay.com/itm/7d912078,No,75
2fabfc0b,"Hisense 43"" 4K Ultra HD TV",Hisense,TV,1053.67,4.4,3220,https://www.ebay.com/itm/2fabfc0b,Yes,43
b39c4b8d,"Sharp 58"" 4K Ultra HD TV",Sharp,TV,1441.5,4.3,1987,https://www.ebay.com/itm/b39c4b8d,No,58
13f7b319,"LG 32"" 4K Ultra HD TV",LG,TV,1238.99,3.4,2568,https://www.ebay.com/itm/13f7b319,No,32
77ad00f1,"Panasonic 43"" 4K Ultra HD TV",Panasonic,TV,1252.06,4.8,4422,https://www.ebay.com/itm/77ad00f1,No,43
35cf386a,"Hisense 50"" 4K Ultra HD TV",Hisense,TV,1238.32,2.5,1202,https://www.ebay.com/itm/35cf386a,No,50
2c7a66e1,"Hisense 70"" 4K Ultra HD TV",Hisense,TV,906.89,4.4,1796,https://www.ebay.com/itm/2c7a66e1,Yes,70
0ddd9d28,"TCL 85"" 4K Ultra HD TV",TCL,TV,331.16,4.5,3063,https://www.ebay.com/itm/0ddd9d28,No,85
80a9615b,"Samsung 85"" 4K Ultra HD TV",Samsung,TV,375.58,4.8,2079,https://www.ebay.com/itm/80a9615b,No,85
fa5bbb16,"Sharp 75"" 4K Ultra HD TV",Sharp,TV,446.66,2.8,2315,https://www.ebay.com/itm/fa5bbb16,No,75
5cf5abf8,"LG 58"" 4K Ultra HD TV",LG,TV,1725.34,3.4,4505,https://www.ebay.com/itm/5cf5abf8,Yes,58
5ea770cd,"Hisense 85"" 4K Ultra HD TV",Hisense,TV,386.34,3.3,853,https://www.ebay.com/itm/5ea770cd,No,85
54a5847d,"Vizio 40"" 4K Ultra HD TV",Vizio,TV,1335.99,4.4,4511,https://www.ebay.com/itm/54a5847d,Yes,40
aef29d7e,"TCL 50"" 4K Ultra HD TV",TCL,TV,697.17,2.7,4446,https://www.ebay.com/itm/aef29d7e,No,50
d5377be7,"Sony 50"" 4K Ultra HD TV",Sony,TV,673.64,4.9,2816,https://www.ebay.com/itm/d5377be7,No,50
88353615,"Hisense 85"" 4K Ultra HD TV",Hisense,TV,687.87,3.8,559,https://www.ebay.com/itm/88353615,No,85
aaddab97,"Vizio 43"" 4K Ultra HD TV",Vizio,TV,818.07,4,4664,https://www.ebay.com/itm/aaddab97,No,43
25bd6c07,"Hisense 32"" 4K Ultra HD TV",Hisense,TV,869.09,4.6,1906,https://www.ebay.com/itm/25bd6c07,Yes,32
29d08042,"TCL 58"" 4K Ultra HD TV",TCL,TV,746.3,2.8,988,https://www.ebay.com/itm/29d08042,No,58
75fd775e,"LG 75"" 4K Ultra HD TV",LG,TV,1582.26,2.8,546,https://www.ebay.com/itm/75fd775e,Yes,75
b68dcb36,"Sony 58"" 4K Ultra HD TV",Sony,TV,1220.15,2.6,3657,https://www.ebay.com/itm/b68dcb36,Yes,58
ead2929f,"Vizio 65"" 4K Ultra HD TV",Vizio,TV,1416.5,3.9,2041,https://www.ebay.com/itm/ead2929f,No,65
1943a49d,"LG 32"" 4K Ultra HD TV",LG,TV,1798.94,5,1371,https://www.ebay.com/itm/1943a49d,Yes,32
babf572d,"TCL 75"" 4K Ultra HD TV",TCL,TV,1370.96,4.4,3358,https://www.ebay.com/itm/babf572d,Yes,75
aee412b4,"Samsung 65"" 4K Ultra HD TV",Samsung,TV,285.75,4,3158,https://www.ebay.com/itm/aee412b4,Yes,65
0197ad5d,"TCL 55"" 4K Ultra HD TV",TCL,TV,1268.64,4.7,1828,https://www.ebay.com/itm/0197ad5d,Yes,55
cb7ba77e,"Hisense 60"" 4K Ultra HD TV",Hisense,TV,1560.45,4.3,2013,https://www.ebay.com/itm/cb7ba77e,Yes,60
205b73b5,"LG 32"" 4K Ultra HD TV",LG,TV,1373.63,3.8,4459,https://www.ebay.com/itm/205b73b5,No,32
5c4ea511,"Sony 58"" 4K Ultra HD TV",Sony,TV,1696.04,4.2,3260,https://www.ebay.com/itm/5c4ea511,Yes,58
3e3d0d2c,"LG 60"" 4K Ultra HD TV",LG,TV,549.25,3.4,2047,https://www.ebay.com/itm/3e3d0d2c,Yes,60
44ad0512,"Panasonic 70"" 4K Ultra HD TV",Panasonic,TV,294.72,4.7,2396,https://www.ebay.com/itm/44ad0512,Yes,70
e68bd644,"Vizio 75"" 4K Ultra HD TV",Vizio,TV,533.85,3.4,328,https://www.ebay.com/itm/e68bd644,No,75
040479d7,"TCL 65"" 4K Ultra HD TV",TCL,TV,1549.22,4.2,2946,https://www.ebay.com/itm/040479d7,No,65
f2aa83bc,"Vizio 43"" 4K Ultra HD TV",Vizio,TV,1432.79,3.2,4900,https://www.ebay.com/itm/f2aa83bc,Yes,43
006b2684,"LG 43"" 4K Ultra HD TV",LG,TV,298.83,3.8,3509,https://www.ebay.com/itm/006b2684,No,43
e9dadb14,"Hisense 65"" 4K Ultra HD TV",Hisense,TV,1283.35,3,4512,https://www.ebay.com/itm/e9dadb14,Yes,65
5f2b0e4d,"TCL 85"" 4K Ultra HD TV",TCL,TV,1252.13,2.9,2360,https://www.ebay.com/itm/5f2b0e4d,Yes,85
ab91a951,"Panasonic 70"" 4K Ultra HD TV",Panasonic,TV,288.99,4.2,3567,https://www.ebay.com/itm/ab91a951,No,70
22721ecb,"Hisense 43"" 4K Ultra HD TV",Hisense,TV,862.39,2.9,4381,https://www.ebay.com/itm/22721ecb,Yes,43
467e6628,"Vizio 55"" 4K Ultra HD TV",Vizio,TV,436.33,3,501,https://www.ebay.com/itm/467e6628,No,55
abf9c4dc,"Sony 40"" 4K Ultra HD TV",Sony,TV,1545.44,4,3873,https://www.ebay.com/itm/abf9c4dc,No,40
d5bed539,"LG 50"" 4K Ultra HD TV",LG,TV,1415.39,4.5,862,https://www.ebay.com/itm/d5bed539,No,50
7d3ad56c,"Hisense 40"" 4K Ultra HD TV",Hisense,TV,585.94,3.9,3337,https://www.ebay.com/itm/7d3ad56c,No,40
c1d0a5ea,"LG 32"" 4K Ultra HD TV",LG,TV,1236.79,4.7,1195,https://www.ebay.com/itm/c1d0a5ea,No,32
87bd7377,"Sony 55"" 4K Ultra HD TV",Sony,TV,1344.54,5,4249,https://www.ebay.com/itm/87bd7377,No,55
8c0716e4,"TCL 40"" 4K Ultra HD TV",TCL,TV,728.81,3.8,2238,https://www.ebay.com/itm/8c0716e4,Yes,40
0a7cda40,"TCL 70"" 4K Ultra HD TV",TCL,TV,569.97,5,3275,https://www.ebay.com/itm/0a7cda40,Yes,70
d7d240de,"Sony 65"" 4K Ultra HD TV",Sony,TV,1705.32,4.3,2343,https://www.ebay.com/itm/d7d240de,No,65
9859f079,"Sony 60"" 4K Ultra HD TV",Sony,TV,847.6,4,2927,https://www.ebay.com/itm/9859f079,Yes,60
1d1b1455,"Vizio 40"" 4K Ultra HD TV",Vizio,TV,765.88,4.3,4780,https://www.ebay.com/itm/1d1b1455,Yes,40
abcf11de,"LG 50"" 4K Ultra HD TV",LG,TV,349.19,3.8,2112,https://www.ebay.com/itm/abcf11de,No,50
9aa01433,"Sharp 70"" 4K Ultra HD TV",Sharp,TV,771.55,3.6,385,https://www.ebay.com/itm/9aa01433,Yes,70
d6f84de3,"Panasonic 60"" 4K Ultra HD TV",Panasonic,TV,1537.5,4.1,601,https://www.ebay.com/itm/d6f84de3,Yes,60
70a23aed,"LG 58"" 4K Ultra HD TV",LG,TV,164.57,4.1,2034,https://www.ebay.com/itm/70a23aed,No,58
403d8279,"Sony 32"" 4K Ultra HD TV",Sony,TV,1034.32,2.7,4517,https://www.ebay.com/itm/403d8279,Yes,32
7eef1f1a,"Hisense 65"" 4K Ultra HD TV",Hisense,TV,681.18,3.7,4160,https://www.ebay.com/itm/7eef1f1a,No,65
d375e087,"TCL 55"" 4K Ultra HD TV",TCL,TV,1245.14,4,38,https://www.ebay.com/itm/d375e087,No,55
18fd2cbb,"Hisense 58"" 4K Ultra HD TV",Hisense,TV,938.95,4.3,2169,https://www.ebay.com/itm/18fd2cbb,No,58
0d1a48ee,"Samsung 58"" 4K Ultra HD TV",Samsung,TV,1330.93,4.2,4550,https://www.ebay.com/itm/0d1a48ee,No,58
9e3344dc,"Vizio 43"" 4K Ultra HD TV",Vizio,TV,515.55,5,830,https://www.ebay.com/itm/9e3344dc,Yes,43
47e82338,"Sharp 55"" 4K Ultra HD TV",Sharp,TV,229.89,2.7,4801,https://www.ebay.com/itm/47e82338,Yes,55
ff800384,"Samsung 50"" 4K Ultra HD TV",Samsung,TV,1007.35,3.7,3071,https://www.ebay.com/itm/ff800384,No,50
a3472a2c,"Samsung 65"" 4K Ultra HD TV",Samsung,TV,185.11,4.1,1857,https://www.ebay.com/itm/a3472a2c,Yes,65
a2fd1a61,"Panasonic 55"" 4K Ultra HD TV",Panasonic,TV,1714.07,3.5,2727,https://www.ebay.com/itm/a2fd1a61,Yes,55
94967c24,"Sharp 40"" 4K Ultra HD TV",Sharp,TV,850.24,3.4,912,https://www.ebay.com/itm/94967c24,Yes,40
d96789be,"Sharp 58"" 4K Ultra HD TV",Sharp,TV,622.98,2.6,64,https://www.ebay.com/itm/d96789be,No,58
2cc0566f,"Hisense 60"" 4K Ultra HD TV",Hisense,TV,1769.78,3.8,2801,https://www.ebay.com/itm/2cc0566f,Yes,60
7c9a1601,"Panasonic 85"" 4K Ultra HD TV",Panasonic,TV,165.61,4.1,2083,https://www.ebay.com/itm/7c9a1601,No,85
414cc8a4,"Hisense 58"" 4K Ultra HD TV",Hisense,TV,1627.6,3.9,1691,https://www.ebay.com/itm/414cc8a4,No,58
492b4f52,"TCL 65"" 4K Ultra HD TV",TCL,TV,1561.98,4.6,619,https://www.ebay.com/itm/492b4f52,Yes,65
6dd43796,"Hisense 55"" 4K Ultra HD TV",Hisense,TV,334.37,3.7,2897,https://www.ebay.com/itm/6dd43796,Yes,55
f2e540ef,"TCL 60"" 4K Ultra HD TV",TCL,TV,185.06,3.1,1089,https://www.ebay.com/itm/f2e540ef,No,60
200ea289,"TCL 50"" 4K Ultra HD TV",TCL,TV,142.24,4.3,1439,https://www.ebay.com/itm/200ea289,Yes,50
c2f911cd,"Panasonic 58"" 4K Ultra HD TV",Panasonic,TV,641.21,3.9,2734,https://www.ebay.com/itm/c2f911cd,Yes,58
f20642ca,"Samsung 70"" 4K Ultra HD TV",Samsung,TV,187.27,3.1,2861,https://www.ebay.com/itm/f20642ca,Yes,70
5b896ded,"Hisense 40"" 4K Ultra HD TV",Hisense,TV,950.5,3.2,2241,https://www.ebay.com/itm/5b896ded,No,40
2e09191b,"Hisense 60"" 4K Ultra HD TV",Hisense,TV,1565.21,2.6,494,https://www.ebay.com/itm/2e09191b,No,60
be5f3ae8,"Samsung 32"" 4K Ultra HD TV",Samsung,TV,179.6,2.6,3089,https://www.ebay.com/itm/be5f3ae8,No,32
41870a8c,"Samsung 43"" 4K Ultra HD TV",Samsung,TV,881.62,2.5,3498,https://www.ebay.com/itm/41870a8c,No,43
aa12396c,"Sony 65"" 4K Ultra HD TV",Sony,TV,768.8,3,2638,https://www.ebay.com/itm/aa12396c,No,65
87699b54,"Vizio 70"" 4K Ultra HD TV",Vizio,TV,245.53,3.9,4811,https://www.ebay.com/itm/87699b54,No,70
62c58e05,"Sony 85"" 4K Ultra HD TV",Sony,TV,1822.62,3.8,3242,https://www.ebay.com/itm/62c58e05,No,85
5f585c9a,"Sony 65"" 4K Ultra HD TV",Sony,TV,962.82,3.4,4527,https://www.ebay.com/itm/5f585c9a,Yes,65
6b272e1f,"Panasonic 85"" 4K Ultra HD TV",Panasonic,TV,332.77,2.6,4194,https://www.ebay.com/itm/6b272e1f,Yes,85
7b04a732,"Panasonic 40"" 4K Ultra HD TV",Panasonic,TV,553.53,2.8,566,https://www.ebay.com/itm/7b04a732,No,40
00b93619,"Sony 40"" 4K Ultra HD TV",Sony,TV,185.79,4.7,2394,https://www.ebay.com/itm/00b93619,No,40
844a2f19,"Panasonic 85"" 4K Ultra HD TV",Panasonic,TV,223.49,4.8,190,https://www.ebay.com/itm/844a2f19,Yes,85
5d565613,"LG 40"" 4K Ultra HD TV",LG,TV,1853.19,3.1,1032,https://www.ebay.com/itm/5d565613,No,40
361b7e9e,"Samsung 58"" 4K Ultra HD TV",Samsung,TV,1225.81,4,1519,https://www.ebay.com/itm/361b7e9e,No,58
c060127c,"Vizio 85"" 4K Ultra HD TV",Vizio,TV,1552.78,4.4,1641,https://www.ebay.com/itm/c060127c,Yes,85
b531393d,"Hisense 85"" 4K Ultra HD TV",Hisense,TV,228.1,3.1,1111,https://www.ebay.com/itm/b531393d,Yes,85
d58eb78a,"Panasonic 65"" 4K Ultra HD TV",Panasonic,TV,1782.76,3.2,2993,https://www.ebay.com/itm/d58eb78a,No,65
958ee55d,"Hisense 75"" 4K Ultra HD TV",Hisense,TV,632.26,2.7,541,https://www.ebay.com/itm/958ee55d,Yes,75
6d49d872,"Vizio 50"" 4K Ultra HD TV",Vizio,TV,1510.05,3.1,1051,https://www.ebay.com/itm/6d49d872,Yes,50
ef809634,"Samsung 70"" 4K Ultra HD TV",Samsung,TV,1731.66,5,3603,https://www.ebay.com/itm/ef809634,Yes,70
9b278e8d,"TCL 32"" 4K Ultra HD TV",TCL,TV,760.32,3.1,2054,https://www.ebay.com/itm/9b278e8d,Yes,32
b2ddeed7,"Sharp 75"" 4K Ultra HD TV",Sharp,TV,1735.79,3.1,2853,https://www.ebay.com/itm/b2ddeed7,No,75
609efc3a,"Hisense 65"" 4K Ultra HD TV",Hisense,TV,280.46,4.2,4734,https://www.ebay.com/itm/609efc3a,Yes,65
d2cb3932,"Panasonic 70"" 4K Ultra HD TV",Panasonic,TV,367.12,3,909,https://www.ebay.com/itm/d2cb3932,No,70
f732dfac,"Sharp 75"" 4K Ultra HD TV",Sharp,TV,1221.92,2.5,3219,https://www.ebay.com/itm/f732dfac,No,75
c4ecb658,"TCL 58"" 4K Ultra HD TV",TCL,TV,1248.05,4.3,2431,https://www.ebay.com/itm/c4ecb658,Yes,58
76a164ec,"LG 75"" 4K Ultra HD TV",LG,TV,1105.31,3,3111,https://www.ebay.com/itm/76a164ec,Yes,75
bce2f4ad,"Samsung 75"" 4K Ultra HD TV",Samsung,TV,1006.69,4.8,2416,https://www.ebay.com/itm/bce2f4ad,Yes,75
ff90f718,"Sharp 40"" 4K Ultra HD TV",Sharp,TV,1360.17,4,3361,https://www.ebay.com/itm/ff90f718,No,40
c6de48c9,"Sharp 32"" 4K Ultra HD TV",Sharp,TV,1874.89,4.5,2903,https://www.ebay.com/itm/c6de48c9,No,32
e96d39f2,"Hisense 50"" 4K Ultra HD TV",Hisense,TV,1647.28,2.6,350,https://www.ebay.com/itm/e96d39f2,Yes,50
8962a3b7,"Sharp 40"" 4K Ultra HD TV",Sharp,TV,456.46,4.7,1859,https://www.ebay.com/itm/8962a3b7,Yes,40
21539c4d,"Hisense 58"" 4K Ultra HD TV",Hisense,TV,296.47,2.5,1858,https://www.ebay.com/itm/21539c4d,Yes,58
946aa666,"Hisense 32"" 4K Ultra HD TV",Hisense,TV,144.87,4,1971,https://www.ebay.com/itm/946aa666,No,32
21672c7f,"Vizio 65"" 4K Ultra HD TV",Vizio,TV,546.99,3.4,971,https://www.ebay.com/itm/21672c7f,No,65
00891d1f,"Samsung 58"" 4K Ultra HD TV",Samsung,TV,1668.23,3.6,4791,https://www.ebay.com/itm/00891d1f,No,58
7df64dbe,"Panasonic 55"" 4K Ultra HD TV",Panasonic,TV,1397.05,4.1,4030,https://www.ebay.com/itm/7df64dbe,No,55
0f284a7b,"Panasonic 58"" 4K Ultra HD TV",Panasonic,TV,1367.34,3.2,2257,https://www.ebay.com/itm/0f284a7b,No,58
247537a9,"Sony 75"" 4K Ultra HD TV",Sony,TV,959.89,4.5,1472,https://www.ebay.com/itm/247537a9,No,75
0aab67f5,"Sony 75"" 4K Ultra HD TV",Sony,TV,1304.55,2.5,4786,https://www.ebay.com/itm/0aab67f5,Yes,75
11c12922,"LG 32"" 4K Ultra HD TV",LG,TV,960.15,2.8,4122,https://www.ebay.com/itm/11c12922,Yes,32
0927d3d8,"Panasonic 60"" 4K Ultra HD TV",Panasonic,TV,1067.58,3.5,4237,https://www.ebay.com/itm/0927d3d8,Yes,60
16de9605,"Hisense 65"" 4K Ultra HD TV",Hisense,TV,1163.13,3.9,4432,https://www.ebay.com/itm/16de9605,Yes,65
8ce70333,"TCL 70"" 4K Ultra HD TV",TCL,TV,831.33,4,3133,https://www.ebay.com/itm/8ce70333,No,70
d79cf07c,"Sony 60"" 4K Ultra HD TV",Sony,TV,303.12,3.5,2654,https://www.ebay.com/itm/d79cf07c,Yes,60
624d6237,"Hisense 50"" 4K Ultra HD TV",Hisense,TV,920.9,4,752,https://www.ebay.com/itm/624d6237,Yes,50
968cde09,"Panasonic 40"" 4K Ultra HD TV",Panasonic,TV,1317.27,4.8,3903,https://www.ebay.com/itm/968cde09,No,40
3d1eb138,"Hisense 65"" 4K Ultra HD TV",Hisense,TV,1481.44,4.2,983,https://www.ebay.com/itm/3d1eb138,No,65
369076c9,"Vizio 32"" 4K Ultra HD TV",Vizio,TV,748.29,4.5,988,https://www.ebay.com/itm/369076c9,Yes,32
eb456ab5,"TCL 55"" 4K Ultra HD TV",TCL,TV,958.55,3.2,3315,https://www.ebay.com/itm/eb456ab5,No,55
1cbf2136,"Sony 65"" 4K Ultra HD TV",Sony,TV,1737.62,3.7,3277,https://www.ebay.com/itm/1cbf2136,No,65
24a09032,"Vizio 50"" 4K Ultra HD TV",Vizio,TV,1394.81,3.3,3278,https://www.ebay.com/itm/24a09032,No,50
1ec690a3,"Sony 55"" 4K Ultra HD TV",Sony,TV,855.39,3.2,1629,https://www.ebay.com/itm/1ec690a3,Yes,55
58d06d75,"Sony 50"" 4K Ultra HD TV",Sony,TV,803.18,2.6,1707,https://www.ebay.com/itm/58d06d75,No,50
450107f5,"LG 32"" 4K Ultra HD TV",LG,TV,672.22,2.8,1860,https://www.ebay.com/itm/450107f5,Yes,32
46e68957,"LG 65"" 4K Ultra HD TV",LG,TV,1376.66,3.5,4793,https://www.ebay.com/itm/46e68957,No,65
d87eb7fd,"TCL 40"" 4K Ultra HD TV",TCL,TV,410.5,3,1507,https://www.ebay.com/itm/d87eb7fd,No,40
7c04bf09,"Sony 32"" 4K Ultra HD TV",Sony,TV,1886.68,4.1,4122,https://www.ebay.com/itm/7c04bf09,No,32
719b4883,"Hisense 58"" 4K Ultra HD TV",Hisense,TV,1745.28,3.5,4486,https://www.ebay.com/itm/719b4883,No,58
2c12809a,"Samsung 55"" 4K Ultra HD TV",Samsung,TV,481.38,4.7,2856,https://www.ebay.com/itm/2c12809a,Yes,55
5d9b4d93,"Panasonic 65"" 4K Ultra HD TV",Panasonic,TV,1610.29,3.4,2731,https://www.ebay.com/itm/5d9b4d93,No,65
9db13d6e,"Hisense 58"" 4K Ultra HD TV",Hisense,TV,1080.25,3.5,1982,https://www.ebay.com/itm/9db13d6e,No,58
71265bea,"Sharp 50"" 4K Ultra HD TV",Sharp,TV,1073.97,3.7,2121,https://www.ebay.com/itm/71265bea,Yes,50
5e15e0d1,"Hisense 50"" 4K Ultra HD TV",Hisense,TV,332.21,4.2,4001,https://www.ebay.com/itm/5e15e0d1,No,50
c374b4be,"Hisense 32"" 4K Ultra HD TV",Hisense,TV,1682.47,4.8,2435,https://www.ebay.com/itm/c374b4be,Yes,32
32d4d01b,"TCL 32"" 4K Ultra HD TV",TCL,TV,1470.74,2.8,3674,https://www.ebay.com/itm/32d4d01b,No,32
a672efc5,"Samsung 85"" 4K Ultra HD TV",Samsung,TV,592.44,4.8,2234,https://www.ebay.com/itm/a672efc5,No,85
db6fb0b2,"Sony 40"" 4K Ultra HD TV",Sony,TV,1062.04,3.3,2024,https://www.ebay.com/itm/db6fb0b2,Yes,40
ef1969db,"LG 40"" 4K Ultra HD TV",LG,TV,1490.93,5,3295,https://www.ebay.com/itm/ef1969db,Yes,40
20e0abb8,"Samsung 50"" 4K Ultra HD TV",Samsung,TV,401.27,4.6,2992,https://www.ebay.com/itm/20e0abb8,Yes,50
c4824d9c,"Sharp 40"" 4K Ultra HD TV",Sharp,TV,869.58,4,2904,https://www.ebay.com/itm/c4824d9c,No,40
df53edc6,"TCL 60"" 4K Ultra HD TV",TCL,TV,945.12,3.5,2627,https://www.ebay.com/itm/df53edc6,No,60
2e0a4b1a,"Sharp 85"" 4K Ultra HD TV",Sharp,TV,1669.4,4.9,966,https://www.ebay.com/itm/2e0a4b1a,Yes,85
9a4ce91f,"TCL 60"" 4K Ultra HD TV",TCL,TV,1396.18,4.3,2324,https://www.ebay.com/itm/9a4ce91f,No,60
d3de8c8c,"Vizio 75"" 4K Ultra HD TV",Vizio,TV,982.64,3.3,1099,https://www.ebay.com/itm/d3de8c8c,Yes,75
6c6ceb81,"LG 70"" 4K Ultra HD TV",LG,TV,1176.7,4.1,2981,https://www.ebay.com/itm/6c6ceb81,No,70
74d018dc,"LG 58"" 4K Ultra HD TV",LG,TV,561.48,4.4,927,https://www.ebay.com/itm/74d018dc,Yes,58
666ac754,"LG 50"" 4K Ultra HD TV",LG,TV,1329.32,3.2,4687,https://www.ebay.com/itm/666ac754,Yes,50
bcb5e522,"Sony 60"" 4K Ultra HD TV",Sony,TV,671.67,2.9,766,https://www.ebay.com/itm/bcb5e522,Yes,60
7ad70090,"TCL 65"" 4K Ultra HD TV",TCL,TV,1182.28,4.3,1517,https://www.ebay.com/itm/7ad70090,No,65
25677563,"Sony 70"" 4K Ultra HD TV",Sony,TV,1170.85,4.2,2243,https://www.ebay.com/itm/25677563,No,70
761d7d27,"LG 58"" 4K Ultra HD TV",LG,TV,760.63,4.3,984,https://www.ebay.com/itm/761d7d27,No,58
eca128fc,"Sharp 75"" 4K Ultra HD TV",Sharp,TV,742.86,3.7,2604,https://www.ebay.com/itm/eca128fc,Yes,75
de7d9103,"LG 60"" 4K Ultra HD TV",LG,TV,483.69,5,4747,https://www.ebay.com/itm/de7d9103,No,60
36676c7f,"Sharp 58"" 4K Ultra HD TV",Sharp,TV,575.95,4.9,4077,https://www.ebay.com/itm/36676c7f,No,58
536b0009,"Sony 85"" 4K Ultra HD TV",Sony,TV,479.01,2.7,2559,https://www.ebay.com/itm/536b0009,No,85
1a2eb9db,"Sharp 58"" 4K Ultra HD TV",Sharp,TV,144.39,3.5,1514,https://www.ebay.com/itm/1a2eb9db,No,58
e4994686,"Vizio 65"" 4K Ultra HD TV",Vizio,TV,765.32,4.9,3436,https://www.ebay.com/itm/e4994686,No,65
d0a0f7c7,"Panasonic 50"" 4K Ultra HD TV",Panasonic,TV,980.73,4,659,https://www.ebay.com/itm/d0a0f7c7,No,50
cffa69de,"LG 50"" 4K Ultra HD TV",LG,TV,470.73,4.9,2525,https://www.ebay.com/itm/cffa69de,Yes,50
49c47728,"Samsung 50"" 4K Ultra HD TV",Samsung,TV,1489.46,4.6,1884,https://www.ebay.com/itm/49c47728,Yes,50
ddcac9ee,"Vizio 65"" 4K Ultra HD TV",Vizio,TV,1007.45,2.9,4833,https://www.ebay.com/itm/ddcac9ee,No,65
e2b327db,"Vizio 65"" 4K Ultra HD TV",Vizio,TV,1164.36,3.8,2341,https://www.ebay.com/itm/e2b327db,Yes,65
0d21dfb2,"Panasonic 58"" 4K Ultra HD TV",Panasonic,TV,545.26,3.8,3329,https://www.ebay.com/itm/0d21dfb2,No,58
b3ae3899,"LG 75"" 4K Ultra HD TV",LG,TV,1049.42,2.8,116,https://www.ebay.com/itm/b3ae3899,Yes,75
8fa036c9,"Hisense 40"" 4K Ultra HD TV",Hisense,TV,1491.63,4.4,1680,https://www.ebay.com/itm/8fa036c9,No,40
c6758d32,"LG 40"" 4K Ultra HD TV",LG,TV,1769.31,4.8,2264,https://www.ebay.com/itm/c6758d32,Yes,40
506b9b7c,"Sony 55"" 4K Ultra HD TV",Sony,TV,1762.35,3.6,3666,https://www.ebay.com/itm/506b9b7c,Yes,55
a9ae052c,"TCL 55"" 4K Ultra HD TV",TCL,TV,657.7,3.2,2028,https://www.ebay.com/itm/a9ae052c,No,55
23348b3b,"Samsung 60"" 4K Ultra HD TV",Samsung,TV,797.01,3.6,1419,https://www.ebay.com/itm/23348b3b,No,60
816f39ee,"Sharp 43"" 4K Ultra HD TV",Sharp,TV,1297.3,4.9,2996,https://www.ebay.com/itm/816f39ee,Yes,43
c2204449,"Samsung 60"" 4K Ultra HD TV",Samsung,TV,906.83,4.2,942,https://www.ebay.com/itm/c2204449,Yes,60
87ee4acf,"TCL 70"" 4K Ultra HD TV",TCL,TV,980.59,2.7,1182,https://www.ebay.com/itm/87ee4acf,Yes,70
17e8fb41,"Hisense 65"" 4K Ultra HD TV",Hisense,TV,501.41,3.3,4038,https://www.ebay.com/itm/17e8fb41,No,65
dbfef190,"Panasonic 32"" 4K Ultra HD TV",Panasonic,TV,720.88,5,3388,https://www.ebay.com/itm/dbfef190,No,32
010a5f96,"LG 50"" 4K Ultra HD TV",LG,TV,1210.98,2.8,3617,https://www.ebay.com/itm/010a5f96,Yes,50
919fb9ea,"Sony 55"" 4K Ultra HD TV",Sony,TV,1230.99,3.2,4076,https://www.ebay.com/itm/919fb9ea,Yes,55
3473a0b4,"Panasonic 58"" 4K Ultra HD TV",Panasonic,TV,1285.45,4.2,277,https://www.ebay.com/itm/3473a0b4,Yes,58
050917ef,"Hisense 65"" 4K Ultra HD TV",Hisense,TV,1310.37,2.7,129,https://www.ebay.com/itm/050917ef,Yes,65
93775869,"TCL 43"" 4K Ultra HD TV",TCL,TV,390.88,3.9,4105,https://www.ebay.com/itm/93775869,Yes,43
a02cc892,"Vizio 65"" 4K Ultra HD TV",Vizio,TV,1898.14,4.1,3803,https://www.ebay.com/itm/a02cc892,No,65
5e87866b,"LG 58"" 4K Ultra HD TV",LG,TV,1060.89,3.4,198,https://www.ebay.com/itm/5e87866b,No,58
44a339d7,"TCL 60"" 4K Ultra HD TV",TCL,TV,431.05,4,4059,https://www.ebay.com/itm/44a339d7,No,60
3bfc2610,"LG 70"" 4K Ultra HD TV",LG,TV,278.77,4.6,1485,https://www.ebay.com/itm/3bfc2610,No,70
c33476c3,"Sony 85"" 4K Ultra HD TV",Sony,TV,1835.87,4.9,3784,https://www.ebay.com/itm/c33476c3,Yes,85
cfefcafc,"Panasonic 85"" 4K Ultra HD TV",Panasonic,TV,1483.74,3.8,1587,https://www.ebay.com/itm/cfefcafc,No,85
dd0a521b,"Sharp 75"" 4K Ultra HD TV",Sharp,TV,963.77,4.5,3057,https://www.ebay.com/itm/dd0a521b,Yes,75
992d83cc,"Hisense 70"" 4K Ultra HD TV",Hisense,TV,697.94,4.9,411,https://www.ebay.com/itm/992d83cc,No,70
e94c6f15,"Samsung 65"" 4K Ultra HD TV",Samsung,TV,1522.56,4.9,3868,https://www.ebay.com/itm/e94c6f15,Yes,65
c1de0218,"Hisense 85"" 4K Ultra HD TV",Hisense,TV,1139.12,3.7,2767,https://www.ebay.com/itm/c1de0218,No,85
97523f0f,"Sharp 43"" 4K Ultra HD TV",Sharp,TV,1698.16,4.8,260,https://www.ebay.com/itm/97523f0f,No,43
1324d4fd,"Panasonic 32"" 4K Ultra HD TV",Panasonic,TV,151.93,2.9,68,https://www.ebay.com/itm/1324d4fd,Yes,32
491de94e,"LG 40"" 4K Ultra HD TV",LG,TV,1036.79,3.1,171,https://www.ebay.com/itm/491de94e,No,40
9e1059a1,"Hisense 60"" 4K Ultra HD TV",Hisense,TV,1159.7,2.7,2608,https://www.ebay.com/itm/9e1059a1,No,60
21ad6bd6,"TCL 70"" 4K Ultra HD TV",TCL,TV,1617.98,4.5,76,https://www.ebay.com/itm/21ad6bd6,No,70
239c39a1,"Hisense 32"" 4K Ultra HD TV",Hisense,TV,217.67,4.1,2586,https://www.ebay.com/itm/239c39a1,Yes,32
08da03c1,"Panasonic 58"" 4K Ultra HD TV",Panasonic,TV,654.2,4.4,1883,https://www.ebay.com/itm/08da03c1,Yes,58
6c333ed7,"Hisense 43"" 4K Ultra HD TV",Hisense,TV,1283.53,4.1,4745,https://www.ebay.com/itm/6c333ed7,No,43
ae8e624b,"Sony 58"" 4K Ultra HD TV",Sony,TV,1554.69,4.7,2538,https://www.ebay.com/itm/ae8e624b,No,58
39a4f217,"Sharp 85"" 4K Ultra HD TV",Sharp,TV,820.4,3.7,2329,https://www.ebay.com/itm/39a4f217,No,85
b11f8385,"Sharp 43"" 4K Ultra HD TV",Sharp,TV,614.71,4.9,1364,https://www.ebay.com/itm/b11f8385,No,43
08c8fe4a,"LG 60"" 4K Ultra HD TV",LG,TV,174.93,4.8,1015,https://www.ebay.com/itm/08c8fe4a,Yes,60
6dfa2c8a,"Samsung 58"" 4K Ultra HD TV",Samsung,TV,565.35,4.1,4307,https://www.ebay.com/itm/6dfa2c8a,No,58
612610a0,"Sony 55"" 4K Ultra HD TV",Sony,TV,1789.99,4.9,2816,https://www.ebay.com/itm/612610a0,Yes,55
bc09fd7e,"Hisense 60"" 4K Ultra HD TV",Hisense,TV,1146.18,4.7,3001,https://www.ebay.com/itm/bc09fd7e,No,60
f8ce8343,"Sony 55"" 4K Ultra HD TV",Sony,TV,938.02,4.7,2847,https://www.ebay.com/itm/f8ce8343,Yes,55
b26d9203,"Hisense 75"" 4K Ultra HD TV",Hisense,TV,980.33,3.3,511,https://www.ebay.com/itm/b26d9203,Yes,75
5d647ee1,"Hisense 40"" 4K Ultra HD TV",Hisense,TV,854.11,2.9,2800,https://www.ebay.com/itm/5d647ee1,Yes,40
24a5ef62,"Hisense 32"" 4K Ultra HD TV",Hisense,TV,1218.86,3.1,4210,https://www.ebay.com/itm/24a5ef62,No,32
351ccc60,"Samsung 40"" 4K Ultra HD TV",Samsung,TV,1322.51,4.2,4426,https://www.ebay.com/itm/351ccc60,Yes,40
ec6693cb,"LG 58"" 4K Ultra HD TV",LG,TV,581.03,4.8,619,https://www.ebay.com/itm/ec6693cb,Yes,58
8f5e294c,"Vizio 40"" 4K Ultra HD TV",Vizio,TV,1206.55,4.2,2594,https://www.ebay.com/itm/8f5e294c,Yes,40
a00d8af3,"Samsung 32"" 4K Ultra HD TV",Samsung,TV,1308.2,3.8,160,https://www.ebay.com/itm/a00d8af3,No,32
f9f854f5,"Hisense 43"" 4K Ultra HD TV",Hisense,TV,1627.81,4.8,988,https://www.ebay.com/itm/f9f854f5,No,43
bd750916,"TCL 55"" 4K Ultra HD TV",TCL,TV,948.94,4.7,1953,https://www.ebay.com/itm/bd750916,No,55
2a0aacba,"LG 60"" 4K Ultra HD TV",LG,TV,622.88,2.7,1302,https://www.ebay.com/itm/2a0aacba,No,60
f20eed96,"Sony 85"" 4K Ultra HD TV",Sony,TV,377.11,3.4,1371,https://www.ebay.com/itm/f20eed96,No,85
e88e7c2d,"Sony 43"" 4K Ultra HD TV",Sony,TV,1675.29,4.7,875,https://www.ebay.com/itm/e88e7c2d,Yes,43
ba973faf,"Hisense 75"" 4K Ultra HD TV",Hisense,TV,1187.33,3.1,3980,https://www.ebay.com/itm/ba973faf,No,75
bdf1c473,"Sharp 32"" 4K Ultra HD TV",Sharp,TV,149.43,4.1,1171,https://www.ebay.com/itm/bdf1c473,No,32
f8ba6160,"Sony 70"" 4K Ultra HD TV",Sony,TV,1517.78,3.4,186,https://www.ebay.com/itm/f8ba6160,No,70
5334e0ab,"Vizio 75"" 4K Ultra HD TV",Vizio,TV,706.1,3.9,4376,https://www.ebay.com/itm/5334e0ab,No,75
5df36edd,"Sony 32"" 4K Ultra HD TV",Sony,TV,668.6,3.6,2485,https://www.ebay.com/itm/5df36edd,No,32
f66419b8,"Hisense 55"" 4K Ultra HD TV",Hisense,TV,357.26,4.5,737,https://www.ebay.com/itm/f66419b8,No,55
39b46504,"Panasonic 60"" 4K Ultra HD TV",Panasonic,TV,1337.62,4.6,1172,https://www.ebay.com/itm/39b46504,Yes,60
0e4114bf,"Samsung 50"" 4K Ultra HD TV",Samsung,TV,743.88,2.7,4594,https://www.ebay.com/itm/0e4114bf,Yes,50
e00ee8d5,"Panasonic 40"" 4K Ultra HD TV",Panasonic,TV,162.36,5,3658,https://www.ebay.com/itm/e00ee8d5,No,40
43ccc20e,"Hisense 85"" 4K Ultra HD TV",Hisense,TV,1066.58,4.1,3767,https://www.ebay.com/itm/43ccc20e,No,85
bf19f813,"Sony 43"" 4K Ultra HD TV",Sony,TV,1082.58,4.4,2199,https://www.ebay.com/itm/bf19f813,No,43
e17e86a4,"Hisense 75"" 4K Ultra HD TV",Hisense,TV,1435.19,4.2,3486,https://www.ebay.com/itm/e17e86a4,No,75
ed786967,"Sharp 75"" 4K Ultra HD TV",Sharp,TV,375.23,2.5,591,https://www.ebay.com/itm/ed786967,No,75
6b6e789f,"Sony 32"" 4K Ultra HD TV",Sony,TV,359.06,3.8,3952,https://www.ebay.com/itm/6b6e789f,Yes,32
d27aef21,"Samsung 40"" 4K Ultra HD TV",Samsung,TV,155.35,4,1481,https://www.ebay.com/itm/d27aef21,Yes,40
6a59e8f5,"Vizio 85"" 4K Ultra HD TV",Vizio,TV,876.87,4.3,4494,https://www.ebay.com/itm/6a59e8f5,Yes,85
9683fdfd,"Panasonic 85"" 4K Ultra HD TV",Panasonic,TV,216.29,3.4,188,https://www.ebay.com/itm/9683fdfd,Yes,85
87f4fbed,"Panasonic 58"" 4K Ultra HD TV",Panasonic,TV,738.43,4.9,3602,https://www.ebay.com/itm/87f4fbed,No,58
e0673b02,"Panasonic 40"" 4K Ultra HD TV",Panasonic,TV,324.81,4.7,4796,https://www.ebay.com/itm/e0673b02,No,40
6d0eed47,"Samsung 75"" 4K Ultra HD TV",Samsung,TV,1275.25,3.4,3916,https://www.ebay.com/itm/6d0eed47,Yes,75
0794bbf5,"Hisense 65"" 4K Ultra HD TV",Hisense,TV,1781.62,3.6,4897,https://www.ebay.com/itm/0794bbf5,No,65
ec6fda0f,"TCL 85"" 4K Ultra HD TV",TCL,TV,618.52,4.3,787,https://www.ebay.com/itm/ec6fda0f,Yes,85
b4b69a08,"Sharp 65"" 4K Ultra HD TV",Sharp,TV,268.54,2.9,419,https://www.ebay.com/itm/b4b69a08,Yes,65
281ed1bf,"Sharp 65"" 4K Ultra HD TV",Sharp,TV,1211.45,3.4,2288,https://www.ebay.com/itm/281ed1bf,Yes,65
f2495929,"Samsung 40"" 4K Ultra HD TV",Samsung,TV,366.6,4.5,3395,https://www.ebay.com/itm/f2495929,Yes,40
66b1b6a4,"Panasonic 75"" 4K Ultra HD TV",Panasonic,TV,1821.72,2.9,1859,https://www.ebay.com/itm/66b1b6a4,No,75
96a14b83,"Hisense 70"" 4K Ultra HD TV",Hisense,TV,180.23,3.6,141,https://www.ebay.com/itm/96a14b83,Yes,70
6bad02f7,"Panasonic 40"" 4K Ultra HD TV",Panasonic,TV,719.94,3.7,801,https://www.ebay.com/itm/6bad02f7,Yes,40
75cc5e24,"TCL 32"" 4K Ultra HD TV",TCL,TV,1722.49,4.7,497,https://www.ebay.com/itm/75cc5e24,Yes,32
29770080,"Samsung 32"" 4K Ultra HD TV",Samsung,TV,459.78,3.4,708,https://www.ebay.com/itm/29770080,No,32
f03f1b4e,"Hisense 65"" 4K Ultra HD TV",Hisense,TV,331.28,3.1,4370,https://www.ebay.com/itm/f03f1b4e,Yes,65
8cfadfe3,"Samsung 32"" 4K Ultra HD TV",Samsung,TV,1526.32,3.2,810,https://www.ebay.com/itm/8cfadfe3,Yes,32
00399a8d,"Samsung 43"" 4K Ultra HD TV",Samsung,TV,1385.45,4.6,2451,https://www.ebay.com/itm/00399a8d,Yes,43
5644f9f7,"Sony 55"" 4K Ultra HD TV",Sony,TV,1213.27,2.6,2946,https://www.ebay.com/itm/5644f9f7,No,55
43f56ebf,"Hisense 75"" 4K Ultra HD TV",Hisense,TV,1219.53,4.4,230,https://www.ebay.com/itm/43f56ebf,Yes,75
99e8a334,"TCL 75"" 4K Ultra HD TV",TCL,TV,748.32,4.8,57,https://www.ebay.com/itm/99e8a334,No,75
8b546e8e,"Vizio 65"" 4K Ultra HD TV",Vizio,TV,1630.47,3.9,3061,https://www.ebay.com/itm/8b546e8e,No,65
9c33641e,"Vizio 65"" 4K Ultra HD TV",Vizio,TV,658.41,3.8,826,https://www.ebay.com/itm/9c33641e,No,65
c16a1b41,"TCL 32"" 4K Ultra HD TV",TCL,TV,1449.68,4.1,591,https://www.ebay.com/itm/c16a1b41,Yes,32
06986319,"Hisense 55"" 4K Ultra HD TV",Hisense,TV,1611.07,4.3,3296,https://www.ebay.com/itm/06986319,No,55
42e96a7b,"Sony 70"" 4K Ultra HD TV",Sony,TV,1878.02,3.9,285,https://www.ebay.com/itm/42e96a7b,Yes,70
5f5c8ee5,"Samsung 70"" 4K Ultra HD TV",Samsung,TV,802.93,3.9,1972,https://www.ebay.com/itm/5f5c8ee5,No,70
7e4ed9cc,"Sony 65"" 4K Ultra HD TV",Sony,TV,1255.97,2.9,2742,https://www.ebay.com/itm/7e4ed9cc,Yes,65
7178ff38,"LG 55"" 4K Ultra HD TV",LG,TV,1635.08,3.2,3231,https://www.ebay.com/itm/7178ff38,Yes,55
aa260053,"Sharp 40"" 4K Ultra HD TV",Sharp,TV,862.01,4.4,33,https://www.ebay.com/itm/aa260053,Yes,40
470594ea,"Samsung 40"" 4K Ultra HD TV",Samsung,TV,811.09,4.7,4485,https://www.ebay.com/itm/470594ea,Yes,40
3bb8362d,"Sony 43"" 4K Ultra HD TV",Sony,TV,416.33,2.7,3902,https://www.ebay.com/itm/3bb8362d,Yes,43
7b902616,"TCL 85"" 4K Ultra HD TV",TCL,TV,1848.52,4.9,3246,https://www.ebay.com/itm/7b902616,No,85
a072de1d,"TCL 40"" 4K Ultra HD TV",TCL,TV,1303.45,3.2,45,https://www.ebay.com/itm/a072de1d,Yes,40
9440df13,"Hisense 55"" 4K Ultra HD TV",Hisense,TV,939.14,3.4,4055,https://www.ebay.com/itm/9440df13,Yes,55
e0d9834c,"Sharp 40"" 4K Ultra HD TV",Sharp,TV,730.75,3.3,997,https://www.ebay.com/itm/e0d9834c,No,40
268fb389,"TCL 43"" 4K Ultra HD TV",TCL,TV,761.37,4.9,1312,https://www.ebay.com/itm/268fb389,No,43
814288de,"LG 50"" 4K Ultra HD TV",LG,TV,1695.27,4,3366,https://www.ebay.com/itm/814288de,No,50
75cbadaf,"Sony 50"" 4K Ultra HD TV",Sony,TV,1704.58,4.6,848,https://www.ebay.com/itm/75cbadaf,Yes,50
19a94afa,"Hisense 75"" 4K Ultra HD TV",Hisense,TV,1402.01,3,551,https://www.ebay.com/itm/19a94afa,Yes,75
39780ce3,"Hisense 50"" 4K Ultra HD TV",Hisense,TV,1660.75,4.8,1097,https://www.ebay.com/itm/39780ce3,Yes,50
6e2a63a0,"Hisense 55"" 4K Ultra HD TV",Hisense,TV,1269.83,3.7,1747,https://www.ebay.com/itm/6e2a63a0,No,55
44552a59,"LG 32"" 4K Ultra HD TV",LG,TV,1329.11,4.7,4715,https://www.ebay.com/itm/44552a59,No,32
37df6f17,"Hisense 60"" 4K Ultra HD TV",Hisense,TV,967.85,2.6,2487,https://www.ebay.com/itm/37df6f17,No,60
691f51ef,"Sony 55"" 4K Ultra HD TV",Sony,TV,1706.79,3.3,511,https://www.ebay.com/itm/691f51ef,No,55
fd6cc790,"Sony 32"" 4K Ultra HD TV",Sony,TV,1765.9,4.8,3761,https://www.ebay.com/itm/fd6cc790,No,32
376f040e,"Hisense 43"" 4K Ultra HD TV",Hisense,TV,503.71,2.6,426,https://www.ebay.com/itm/376f040e,No,43
f83c87de,"Hisense 58"" 4K Ultra HD TV",Hisense,TV,572.14,4.8,2091,https://www.ebay.com/itm/f83c87de,No,58
be692b48,"Hisense 43"" 4K Ultra HD TV",Hisense,TV,370.36,3.6,2589,https://www.ebay.com/itm/be692b48,No,43
b3829bdb,"Hisense 70"" 4K Ultra HD TV",Hisense,TV,950.5,4.2,2304,https://www.ebay.com/itm/b3829bdb,Yes,70
79884ac1,"Sony 55"" 4K Ultra HD TV",Sony,TV,148.91,4.9,230,https://www.ebay.com/itm/79884ac1,Yes,55
80f95063,"TCL 43"" 4K Ultra HD TV",TCL,TV,696.41,2.8,1168,https://www.ebay.com/itm/80f95063,Yes,43
e6a6f554,"Hisense 60"" 4K Ultra HD TV",Hisense,TV,304.34,3.7,2782,https://www.ebay.com/itm/e6a6f554,No,60
e5c52b61,"LG 60"" 4K Ultra HD TV",LG,TV,1202.51,4.4,3781,https://www.ebay.com/itm/e5c52b61,No,60
e933977e,"TCL 70"" 4K Ultra HD TV",TCL,TV,1084.61,4,2890,https://www.ebay.com/itm/e933977e,Yes,70
5395ebfa,"LG 58"" 4K Ultra HD TV",LG,TV,1012.94,3.1,4580,https://www.ebay.com/itm/5395ebfa,No,58
c9bb5e45,"Samsung 58"" 4K Ultra HD TV",Samsung,TV,133.14,3.2,482,https://www.ebay.com/itm/c9bb5e45,No,58
bf471d7e,"Sony 40"" 4K Ultra HD TV",Sony,TV,1000.03,4.7,104,https://www.ebay.com/itm/bf471d7e,No,40
163d8d45,"LG 32"" 4K Ultra HD TV",LG,TV,935.54,4.9,3899,https://www.ebay.com/itm/163d8d45,Yes,32
700c43ed,"TCL 55"" 4K Ultra HD TV",TCL,TV,1101.69,3.3,3992,https://www.ebay.com/itm/700c43ed,Yes,55
ea1c3f79,"LG 32"" 4K Ultra HD TV",LG,TV,1213.03,3.2,4781,https://www.ebay.com/itm/ea1c3f79,Yes,32
596fa03f,"Samsung 58"" 4K Ultra HD TV",Samsung,TV,1093.3,4.1,3925,https://www.ebay.com/itm/596fa03f,Yes,58
a60a8197,"Vizio 60"" 4K Ultra HD TV",Vizio,TV,709.62,4.4,374,https://www.ebay.com/itm/a60a8197,Yes,60
8049c6b7,"Sony 50"" 4K Ultra HD TV",Sony,TV,1044.71,4.8,1886,https://www.ebay.com/itm/8049c6b7,No,50
f61345f3,"Hisense 58"" 4K Ultra HD TV",Hisense,TV,1659.38,3.5,1978,https://www.ebay.com/itm/f61345f3,No,58
1fd51bb4,"Samsung 75"" 4K Ultra HD TV",Samsung,TV,1619.5,4.6,4369,https://www.ebay.com/itm/1fd51bb4,Yes,75
2569749e,"Vizio 75"" 4K Ultra HD TV",Vizio,TV,1818.47,4.7,3294,https://www.ebay.com/itm/2569749e,Yes,75
d935dd1b,"Sharp 55"" 4K Ultra HD TV",Sharp,TV,1622.31,3.3,3234,https://www.ebay.com/itm/d935dd1b,No,55
e4a2ecd2,"TCL 75"" 4K Ultra HD TV",TCL,TV,690.3,2.6,879,https://www.ebay.com/itm/e4a2ecd2,Yes,75
631afe35,"Vizio 65"" 4K Ultra HD TV",Vizio,TV,1561.21,2.8,4344,https://www.ebay.com/itm/631afe35,Yes,65
3999218d,"Panasonic 65"" 4K Ultra HD TV",Panasonic,TV,562.9,5,188,https://www.ebay.com/itm/3999218d,Yes,65
b87553d0,"Sony 65"" 4K Ultra HD TV",Sony,TV,635.11,3.5,1964,https://www.ebay.com/itm/b87553d0,No,65
f9804af9,"Vizio 60"" 4K Ultra HD TV",Vizio,TV,1665.13,3.8,3476,https://www.ebay.com/itm/f9804af9,Yes,60
88aeb08e,"Sony 65"" 4K Ultra HD TV",Sony,TV,332.78,2.6,3876,https://www.ebay.com/itm/88aeb08e,Yes,65
58333870,"Vizio 60"" 4K Ultra HD TV",Vizio,TV,1061.86,3,3935,https://www.ebay.com/itm/58333870,Yes,60
1a8f82bb,"Samsung 50"" 4K Ultra HD TV",Samsung,TV,1261.85,3.2,2369,https://www.ebay.com/itm/1a8f82bb,Yes,50
caf0f5c1,"Sharp 75"" 4K Ultra HD TV",Sharp,TV,1758.23,3.7,496,https://www.ebay.com/itm/caf0f5c1,Yes,75
03e471a8,"Vizio 85"" 4K Ultra HD TV",Vizio,TV,1251.29,3,2728,https://www.ebay.com/itm/03e471a8,No,85
9b5001fa,"Panasonic 32"" 4K Ultra HD TV",Panasonic,TV,969.96,3.6,4268,https://www.ebay.com/itm/9b5001fa,Yes,32
95cc1ea0,"Hisense 70"" 4K Ultra HD TV",Hisense,TV,1211.57,2.7,500,https://www.ebay.com/itm/95cc1ea0,No,70
56242c61,"Hisense 70"" 4K Ultra HD TV",Hisense,TV,1898.88,3.5,4686,https://www.ebay.com/itm/56242c61,No,70
3f9917e9,"Panasonic 50"" 4K Ultra HD TV",Panasonic,TV,1318.13,2.5,207,https://www.ebay.com/itm/3f9917e9,Yes,50
b2d3927c,"LG 85"" 4K Ultra HD TV",LG,TV,681.57,2.6,4752,https://www.ebay.com/itm/b2d3927c,Yes,85
c4972cd1,"Sony 43"" 4K Ultra HD TV",Sony,TV,580.69,4.9,1345,https://www.ebay.com/itm/c4972cd1,No,43
fc85d444,"TCL 65"" 4K Ultra HD TV",TCL,TV,153.93,2.8,1081,https://www.ebay.com/itm/fc85d444,Yes,65
ff4b7039,"Sony 58"" 4K Ultra HD TV",Sony,TV,1367.82,4.5,1569,https://www.ebay.com/itm/ff4b7039,No,58
088ab83a,"TCL 43"" 4K Ultra HD TV",TCL,TV,1420,4.2,804,https://www.ebay.com/itm/088ab83a,Yes,43
a3c34ad0,"TCL 55"" 4K Ultra HD TV",TCL,TV,1555.43,3.6,2857,https://www.ebay.com/itm/a3c34ad0,No,55
c1f5227f,"Samsung 50"" 4K Ultra HD TV",Samsung,TV,318.22,4.5,4549,https://www.ebay.com/itm/c1f5227f,Yes,50
22746367,"Samsung 32"" 4K Ultra HD TV",Samsung,TV,1321.17,3.3,2129,https://www.ebay.com/itm/22746367,Yes,32
a90cda50,"Sharp 55"" 4K Ultra HD TV",Sharp,TV,924,2.6,2147,https://www.ebay.com/itm/a90cda50,No,55
3153907b,"Hisense 70"" 4K Ultra HD TV",Hisense,TV,672.16,4.2,2993,https://www.ebay.com/itm/3153907b,No,70
63a0a007,"TCL 32"" 4K Ultra HD TV",TCL,TV,513.75,4.5,461,https://www.ebay.com/itm/63a0a007,Yes,32
c16ea5dd,"Vizio 70"" 4K Ultra HD TV",Vizio,TV,699.26,2.6,3812,https://www.ebay.com/itm/c16ea5dd,Yes,70
4942a571,"Sony 55"" 4K Ultra HD TV",Sony,TV,749.45,4.2,1686,https://www.ebay.com/itm/4942a571,No,55
79d66b64,"Panasonic 50"" 4K Ultra HD TV",Panasonic,TV,177.05,3.2,4696,https://www.ebay.com/itm/79d66b64,No,50
7ec7aa8f,"Sony 50"" 4K Ultra HD TV",Sony,TV,199.91,4.7,3310,https://www.ebay.com/itm/7ec7aa8f,No,50
3c3d2207,"Panasonic 70"" 4K Ultra HD TV",Panasonic,TV,241,4,3768,https://www.ebay.com/itm/3c3d2207,Yes,70
564f9957,"Vizio 55"" 4K Ultra HD TV",Vizio,TV,185.09,4,1254,https://www.ebay.com/itm/564f9957,No,55
f7c8966d,"Panasonic 70"" 4K Ultra HD TV",Panasonic,TV,1746.77,4.8,1466,https://www.ebay.com/itm/f7c8966d,Yes,70
42e823a4,"Panasonic 55"" 4K Ultra HD TV",Panasonic,TV,1390.47,3.5,655,https://www.ebay.com/itm/42e823a4,No,55
018b0e1a,"Vizio 70"" 4K Ultra HD TV",Vizio,TV,216.75,4.6,2308,https://www.ebay.com/itm/018b0e1a,No,70
11995145,"TCL 70"" 4K Ultra HD TV",TCL,TV,361.03,4.4,1003,https://www.ebay.com/itm/11995145,No,70
7f7bcb35,"Sony 55"" 4K Ultra HD TV",Sony,TV,185.85,3.8,3538,https://www.ebay.com/itm/7f7bcb35,Yes,55
202c56ea,"Panasonic 85"" 4K Ultra HD TV",Panasonic,TV,898.47,4.8,2467,https://www.ebay.com/itm/202c56ea,No,85
1b772980,"Sony 70"" 4K Ultra HD TV",Sony,TV,1497.55,3.6,3545,https://www.ebay.com/itm/1b772980,No,70
ea1ef3d4,"LG 75"" 4K Ultra HD TV",LG,TV,1045.73,4.7,372,https://www.ebay.com/itm/ea1ef3d4,Yes,75
4edf37b5,"TCL 50"" 4K Ultra HD TV",TCL,TV,782.83,3.5,461,https://www.ebay.com/itm/4edf37b5,Yes,50
03596366,"Samsung 43"" 4K Ultra HD TV",Samsung,TV,439.74,4.6,2691,https://www.ebay.com/itm/03596366,Yes,43
ce80d497,"Sharp 43"" 4K Ultra HD TV",Sharp,TV,1493.92,4.5,4910,https://www.ebay.com/itm/ce80d497,Yes,43
12cfc14f,"Sharp 55"" 4K Ultra HD TV",Sharp,TV,910.45,3.5,4359,https://www.ebay.com/itm/12cfc14f,Yes,55
da300d37,"LG 55"" 4K Ultra HD TV",LG,TV,1537.01,3.6,594,https://www.ebay.com/itm/da300d37,No,55
04206d22,"Sony 60"" 4K Ultra HD TV",Sony,TV,1175.16,2.8,339,https://www.ebay.com/itm/04206d22,No,60
a06a9e24,"Panasonic 75"" 4K Ultra HD TV",Panasonic,TV,1025.81,3.7,4964,https://www.ebay.com/itm/a06a9e24,No,75
eb265b10,"Panasonic 85"" 4K Ultra HD TV",Panasonic,TV,715.88,4.2,4117,https://www.ebay.com/itm/eb265b10,No,85
c0e63c57,"TCL 40"" 4K Ultra HD TV",TCL,TV,1003.93,4.2,1552,https://www.ebay.com/itm/c0e63c57,Yes,40
30d059ac,"LG 75"" 4K Ultra HD TV",LG,TV,141.08,2.6,1941,https://www.ebay.com/itm/30d059ac,No,75
d13db4ec,"Panasonic 85"" 4K Ultra HD TV",Panasonic,TV,1070.22,2.8,1090,https://www.ebay.com/itm/d13db4ec,Yes,85
59e00839,"TCL 43"" 4K Ultra HD TV",TCL,TV,909.68,3.7,3610,https://www.ebay.com/itm/59e00839,Yes,43
cfeed1a8,"Sharp 58"" 4K Ultra HD TV",Sharp,TV,1649.91,4.4,1576,https://www.ebay.com/itm/cfeed1a8,Yes,58
c285e12f,"Panasonic 75"" 4K Ultra HD TV",Panasonic,TV,1352.32,2.6,1846,https://www.ebay.com/itm/c285e12f,No,75
95826a5e,"Samsung 40"" 4K Ultra HD TV",Samsung,TV,1357.89,4.4,3909,https://www.ebay.com/itm/95826a5e,Yes,40
f252e35e,"Vizio 65"" 4K Ultra HD TV",Vizio,TV,1702.76,4.3,3781,https://www.ebay.com/itm/f252e35e,Yes,65
91c58503,"Sharp 43"" 4K Ultra HD TV",Sharp,TV,262.28,3.5,156,https://www.ebay.com/itm/91c58503,No,43
ef32e420,"Hisense 85"" 4K Ultra HD TV",Hisense,TV,291.4,3.3,4831,https://www.ebay.com/itm/ef32e420,No,85
36900ed2,"Sharp 85"" 4K Ultra HD TV",Sharp,TV,1765.12,4.2,694,https://www.ebay.com/itm/36900ed2,Yes,85
cded4874,"Hisense 65"" 4K Ultra HD TV",Hisense,TV,1079,4,4645,https://www.ebay.com/itm/cded4874,No,65
3157a396,"Panasonic 65"" 4K Ultra HD TV",Panasonic,TV,659.36,3,4920,https://www.ebay.com/itm/3157a396,No,65
692abb9d,"Hisense 75"" 4K Ultra HD TV",Hisense,TV,310.81,2.9,3306,https://www.ebay.com/itm/692abb9d,Yes,75
d737fd78,"Sony 40"" 4K Ultra HD TV",Sony,TV,1605.05,2.6,4059,https://www.ebay.com/itm/d737fd78,Yes,40
278f6b77,"Sony 75"" 4K Ultra HD TV",Sony,TV,869.12,2.9,1059,https://www.ebay.com/itm/278f6b77,Yes,75
2e2b1a35,"TCL 70"" 4K Ultra HD TV",TCL,TV,506.44,2.5,4614,https://www.ebay.com/itm/2e2b1a35,Yes,70
8ddcfaaf,"Panasonic 60"" 4K Ultra HD TV",Panasonic,TV,661.12,4.5,4676,https://www.ebay.com/itm/8ddcfaaf,No,60
071c5493,"Panasonic 70"" 4K Ultra HD TV",Panasonic,TV,1101.12,3.5,1555,https://www.ebay.com/itm/071c5493,Yes,70
427f7ab8,"Hisense 85"" 4K Ultra HD TV",Hisense,TV,1717.8,4.2,911,https://www.ebay.com/itm/427f7ab8,No,85
4692442f,"Sony 75"" 4K Ultra HD TV",Sony,TV,1316.61,4.8,4816,https://www.ebay.com/itm/4692442f,No,75
710bcd36,"TCL 58"" 4K Ultra HD TV",TCL,TV,341.86,4.5,2310,https://www.ebay.com/itm/710bcd36,Yes,58
1f47fdf8,"Panasonic 65"" 4K Ultra HD TV",Panasonic,TV,1618.83,3.5,4624,https://www.ebay.com/itm/1f47fdf8,No,65
2a5687c8,"Panasonic 43"" 4K Ultra HD TV",Panasonic,TV,1789.04,4.3,2586,https://www.ebay.com/itm/2a5687c8,No,43
1d025adc,"Sony 70"" 4K Ultra HD TV",Sony,TV,1633.67,2.8,984,https://www.ebay.com/itm/1d025adc,Yes,70
4b6ed12c,"Sharp 65"" 4K Ultra HD TV",Sharp,TV,1659.76,3.8,1933,https://www.ebay.com/itm/4b6ed12c,No,65
01d884bb,"Vizio 65"" 4K Ultra HD TV",Vizio,TV,1133.66,4.8,1350,https://www.ebay.com/itm/01d884bb,Yes,65
bb952951,"Hisense 65"" 4K Ultra HD TV",Hisense,TV,304.57,2.6,129,https://www.ebay.com/itm/bb952951,Yes,65
9d211f4c,"Vizio 40"" 4K Ultra HD TV",Vizio,TV,1625.47,4.4,4136,https://www.ebay.com/itm/9d211f4c,No,40
3db338ee,"Sony 70"" 4K Ultra HD TV",Sony,TV,1189.4,4.8,3496,https://www.ebay.com/itm/3db338ee,No,70
